train/entropy_loss,train/clip_range,time/total_timesteps,train/policy_gradient_loss,time/time_elapsed,train/value_loss,train/clip_fraction,time/iterations,rollout/ep_rew_mean,train/loss,train/explained_variance,train/n_updates,train/learning_rate,rollout/ep_len_mean,train/approx_kl,time/fps
-1.3833846263587475,0.2,4096,-0.002537234300689306,2,10342.068176269531,0.0,4,-226.15329358695655,5280.203125,0.006209969520568848,12,0.0003,88.6086956521739,0.0007598399,1929
-1.3770882431417704,0.2,8192,0.000510837635374628,4,10471.37963104248,0.0,8,-232.2881800740741,5648.09033203125,-0.006751537322998047,28,0.0003,100.34567901234568,0.0001270813,1909
-1.3769546039402485,0.2,12288,-0.0004936936711601447,6,8660.248207092285,0.0,12,-229.02946417000007,3992.9775390625,0.00037801265716552734,44,0.0003,96.27,4.9935945e-05,1910
-1.3772978633642197,0.2,16384,-0.00042291190766263753,8,8801.658576965332,0.0,16,-215.10933189999997,4521.25537109375,0.005368709564208984,60,0.0003,86.49,8.231704e-05,1912
-1.3734057452529669,0.2,20480,-0.0004913994125672616,10,5467.093772888184,0.0,20,-198.4178879,2639.230712890625,-0.00016951560974121094,76,0.0003,86.12,0.0001442834,1913
-1.3748078551143408,0.2,24576,-0.0007988553479663096,12,1984.3307819366455,0.0,24,-206.68975314000008,928.6827392578125,-0.0006146430969238281,92,0.0003,86.12,0.00034457288,1914
-1.3793445471674204,0.2,28672,-0.0029290179591043852,14,728.8770866394043,0.059326171875,28,-209.37801244,316.48211669921875,0.014908194541931152,108,0.0003,96.7,0.008179423,1913
-1.369635108858347,0.2,32768,-0.000583023764193058,17,5261.247615814209,0.0,32,-209.33109317999998,2716.819580078125,-0.006165623664855957,124,0.0003,98.21,5.6739897e-05,1914
-1.3695715870708227,0.2,36864,-0.0005655886670865584,19,2853.0952911376953,0.0,36,-191.56834614000002,1018.6430053710938,-0.001989126205444336,140,0.0003,87.85,0.00016679452,1915
-1.3678059820085764,0.2,40960,-0.0007667898025829345,21,6202.450283050537,0.0,40,-179.30067380000003,4310.44384765625,1.5974044799804688e-05,156,0.0003,87.87,0.0001970107,1915
-1.3674136027693748,0.2,45056,-0.002024494249781128,23,3035.5079803466797,0.0,44,-180.2705203,940.6821899414062,0.009302735328674316,172,0.0003,88.31,0.00075720734,1915
-1.3515891432762146,0.2,49152,-0.00152421354141552,25,3411.8068199157715,0.0,48,-181.35790841,2343.9677734375,-0.00024509429931640625,188,0.0003,88.89,0.0003632441,1916
-1.3610610980540514,0.2,53248,-0.0032719288574298844,27,1720.514165878296,0.0,52,-175.03193857,721.7047729492188,-0.00012409687042236328,204,0.0003,88.52,0.0015850475,1916
-1.357917232438922,0.2,57344,-0.0012949248848599382,29,1583.8803749084473,0.0,56,-156.48032309,733.7705688476562,0.0015094876289367676,220,0.0003,88.66,0.0016198207,1915
-1.3486638367176056,0.2,61440,-0.003083179602981545,32,1220.61439037323,0.0,60,-157.06339032,524.8253784179688,1.430511474609375e-06,236,0.0003,91.01,0.0019639323,1916
-1.311414185911417,0.2,65536,-0.0016799729346530512,34,2133.0789909362793,0.0,64,-143.77537323,1322.8236083984375,-0.005177140235900879,252,0.0003,92.62,0.000515881,1916
-1.3264405597001314,0.2,69632,-7.014562288532034e-05,36,748.5274477005005,0.028564453125,68,-130.66561464,467.0928955078125,-0.00018680095672607422,268,0.0003,92.41,0.0038975663,1916
-1.2819632720202208,0.2,73728,-0.0032355048970202915,38,799.3447976112366,0.003173828125,72,-135.15379643999998,469.4761657714844,7.987022399902344e-06,284,0.0003,94.38,0.0026290054,1916
-1.2672226093709469,0.2,77824,-0.0006275109699345194,40,728.3285479545593,0.0791015625,76,-121.38951780000001,226.60105895996094,-0.00010406970977783203,300,0.0003,96.89,0.009201121,1916
-1.2584574688225985,0.2,81920,-0.00019366356718819588,42,937.6193270683289,0.0,80,-105.88800392000002,383.27734375,-0.0002422332763671875,316,0.0003,110.14,0.00021599582,1915
-1.2145813293755054,0.2,86016,-0.00018782330153044313,44,546.1449837684631,0.0,84,-89.42043678000002,192.98594665527344,0.05075550079345703,332,0.0003,124.26,3.6987884e-05,1915
-1.2404638398438692,0.2,90112,-0.0002810822115861811,47,483.7885046005249,0.0,88,-84.16207694999999,245.76629638671875,0.0035620927810668945,348,0.0003,132.72,3.0955416e-05,1915
-1.1824456322938204,0.2,94208,-0.0006174572481540963,49,1202.2393608093262,0.0,92,-79.76626354999999,604.28125,-0.013612508773803711,364,0.0003,128.48,0.00027335703,1915
-1.174900682643056,0.2,98304,-0.0005715468432754278,51,1137.4823570251465,0.0,96,-83.52653528,535.4542236328125,0.0710553526878357,380,0.0003,121.14,0.00025564525,1915
-1.1841871868818998,0.2,102400,-0.001122648682212457,53,322.4719407558441,0.0,100,-81.46098381,137.83135986328125,0.0715104341506958,396,0.0003,129.94,0.00029330072,1915
-1.1580595280975103,0.2,106496,-0.0008173899186658673,55,1145.0723094940186,0.0,104,-77.49730202999999,696.0338134765625,0.12992942333221436,412,0.0003,129.53,0.0002293457,1915
-1.1831240970641375,0.2,110592,-0.001607769270776771,57,458.6949939727783,0.0,108,-67.42569701,214.24679565429688,0.1147339940071106,428,0.0003,115.5,0.0011725046,1914
-1.1515352670103312,0.2,114688,-0.005712758298614062,59,627.8336939811707,0.012451171875,112,-64.15314437999999,323.41845703125,0.025458931922912598,444,0.0003,112.02,0.005131789,1912
-1.10440219566226,0.2,118784,-0.0015193590297712944,62,598.5943913459778,0.00048828125,116,-56.95510435,260.94781494140625,0.1559167504310608,460,0.0003,116.1,0.0012201671,1910
-1.1124529354274273,0.2,122880,-0.001378085813485086,64,479.35378074645996,0.0,120,-50.83535662000001,216.6725616455078,0.19469624757766724,476,0.0003,129.32,0.00092212146,1908
-1.13270971365273,0.2,126976,-0.002030658084549941,66,290.7818292379379,0.000244140625,124,-39.757369100000005,143.19435119628906,0.5240130126476288,492,0.0003,142.5,0.0016264089,1903
-1.0707740783691406,0.2,131072,-0.0027325517730787396,68,491.2274217605591,0.000732421875,128,-34.77758945,278.0723876953125,0.254300594329834,508,0.0003,154.29,0.0021316833,1900
-1.1698848232626915,0.2,135168,-0.007912366825621575,71,261.76130199432373,0.0390625,132,-24.838741929999998,71.58911895751953,0.5909664928913116,524,0.0003,152.33,0.006903819,1900
-1.0562963224947453,0.2,139264,-0.0008074490760918707,73,343.79127502441406,0.0,136,-28.241956699999996,189.14906311035156,0.4382615089416504,540,0.0003,155.85,0.00062364864,1895
-1.0849367193877697,0.2,143360,-0.0027921633518417366,75,484.7988681793213,0.023193359375,140,-26.94180665,229.10208129882812,0.3668348789215088,556,0.0003,145.0,0.0053900443,1895
-1.063567591831088,0.2,147456,-0.0001787492146831937,77,588.4455938339233,0.0,144,-29.213937920000003,173.3480987548828,0.2735753655433655,572,0.0003,153.39,0.0004568852,1892
-1.1508152354508638,0.2,151552,-0.0016664301365381107,80,234.58030676841736,0.000244140625,148,-32.16922524,101.76516723632812,0.266946017742157,588,0.0003,175.82,0.0020117792,1893
-0.9397571021690965,0.2,155648,-0.007890685825259425,82,96.6992878317833,0.0849609375,152,-33.85084173,68.29117584228516,0.6226267218589783,604,0.0003,196.32,0.007511353,1893
-1.1127302143722773,0.2,159744,-0.0029956932849017903,84,595.0400609970093,0.01904296875,156,-37.1625633,227.2711181640625,0.3266139626502991,620,0.0003,197.89,0.0055858605,1895
-0.953390134498477,0.2,163840,-0.00013098878844175488,86,381.3274097442627,0.0,160,-36.993583290000004,170.626708984375,0.38775330781936646,636,0.0003,211.71,0.00023988308,1895
-0.8501598704606295,0.2,167936,-0.0038170065090525895,88,204.92642772197723,0.01025390625,164,-33.93455468,76.29039001464844,0.3770342469215393,652,0.0003,226.51,0.0053957896,1896
-1.1633901111781597,0.2,172032,-0.008077968057477847,90,58.38243010640144,0.028564453125,168,-36.67826040999999,26.450773239135742,0.5159181654453278,668,0.0003,212.59,0.0052936217,1896
-1.0559639818966389,0.2,176128,-0.0032950463355518878,92,667.4612188339233,0.01123046875,172,-30.321081020000005,215.68783569335938,0.3078731894493103,684,0.0003,203.57,0.004946551,1897
-1.0437117759138346,0.2,180224,-0.003646813056548126,94,593.704580783844,0.009521484375,176,-27.869604369999998,402.5190734863281,0.45092594623565674,700,0.0003,213.76,0.003543384,1897
-0.8290450060740113,0.2,184320,-0.003733009049028624,97,820.5916018486023,0.027587890625,180,-27.702145249999997,291.16412353515625,0.16366463899612427,716,0.0003,213.44,0.005518451,1898
-1.0665788985788822,0.2,188416,-0.0025567408738425,99,341.1822032928467,0.01318359375,184,-27.24173246,70.48390197753906,0.4577414393424988,732,0.0003,228.14,0.0039874306,1899
-0.98496722150594,0.2,192512,-0.0031482593767577782,101,483.55968713760376,0.010009765625,188,-24.49880484,247.01434326171875,0.5010384321212769,748,0.0003,226.55,0.0033776534,1900
-1.1157665830105543,0.2,196608,-0.004017449973616749,103,147.60379874706268,0.035888671875,192,-21.94174072,67.11186981201172,0.35834455490112305,764,0.0003,239.56,0.00567873,1900
-0.9839608082547784,0.2,200704,-0.0010121235536644235,105,1118.5076332092285,0.000244140625,196,-26.05891665,636.674072265625,0.44377565383911133,780,0.0003,258.83,0.0012937158,1901
-0.9395195217803121,0.2,204800,-0.0030968160863267258,107,981.6132369041443,0.022216796875,200,-34.20383878,686.646728515625,0.14319169521331787,796,0.0003,251.15,0.00736636,1902
-1.1065659765154123,0.2,208896,-0.006887875446409453,109,276.3596205711365,0.0380859375,204,-37.37097638,135.73379516601562,0.6396788358688354,812,0.0003,262.19,0.008670275,1902
-1.1520104091614485,0.2,212992,-0.0027940493673668243,111,261.33215713500977,0.02197265625,208,-37.235642999999996,101.42537689208984,0.18262112140655518,828,0.0003,283.11,0.0050164526,1903
-1.015720808878541,0.2,217088,-0.0015336218712036498,114,892.8625121116638,0.00048828125,212,-34.702347249999995,397.3789367675781,0.22732502222061157,844,0.0003,296.84,0.0025173833,1903
-1.0390714751556516,0.2,221184,-0.004344850647612475,116,630.1796641349792,0.010009765625,216,-42.467516890000006,296.2854919433594,0.32134127616882324,860,0.0003,295.31,0.0040612705,1904
-1.1127713918685913,0.2,225280,-0.0027869561745319515,118,143.04808190464973,0.017333984375,220,-39.81942292,59.05332946777344,0.07753646373748779,876,0.0003,320.9,0.007417912,1904
-1.071977799758315,0.2,229376,-0.002611411429825239,120,312.6725218296051,0.001220703125,224,-40.87802817,153.447021484375,0.5288342237472534,892,0.0003,314.1,0.0028669508,1904
-1.0567795149981976,0.2,233472,-0.002881701286241878,122,283.8599736690521,0.02392578125,228,-35.639624039999994,93.3179931640625,0.4573659300804138,908,0.0003,332.4,0.006191882,1905
-1.002048666588962,0.2,237568,-0.0039628856065974105,124,196.42381405830383,0.008544921875,232,-26.911193240000003,82.17662048339844,0.6196080446243286,924,0.0003,358.13,0.004781046,1905
-1.0718793366104364,0.2,241664,-0.0031547943071927875,126,126.61245289444923,0.00927734375,236,-18.372182959999996,21.982242584228516,0.6015131175518036,940,0.0003,391.17,0.0019848899,1905
-0.960204727947712,0.2,245760,0.0012461776204872876,128,516.133517742157,0.0,240,-17.826996740000002,261.45220947265625,0.3962959051132202,956,0.0003,415.2,0.00053108047,1905
-1.047649148851633,0.2,249856,-0.0027910480966966134,131,202.8635432124138,0.006103515625,244,-18.060021199999998,58.606529235839844,0.4271726608276367,972,0.0003,417.51,0.0021504955,1906
-0.912102053873241,0.2,253952,-0.0021601277840090916,133,941.6086664199829,0.001220703125,248,-17.42701486,438.9732666015625,0.40606409311294556,988,0.0003,412.74,0.0022224376,1906
-0.9635714739561081,0.2,258048,-0.0029110799951013178,135,300.6910319328308,0.013916015625,252,-24.23797247,100.32864379882812,0.32646888494491577,1004,0.0003,406.13,0.0045902114,1907
-0.756372595205903,0.2,262144,-0.00011591497604968026,137,109.74717211723328,0.00146484375,256,-21.8276094,64.14732360839844,0.7047380805015564,1020,0.0003,412.49,0.0018354212,1907
-0.898142877034843,0.2,266240,-0.005263488135824446,139,494.9994316101074,0.026611328125,260,-18.57264308,207.58938598632812,0.5311881303787231,1036,0.0003,438.56,0.006074857,1907
-1.0682663023471832,0.2,270336,-0.0018952402897411957,141,172.69266146421432,0.003173828125,264,-16.519601210000005,63.233741760253906,0.29523569345474243,1052,0.0003,434.47,0.005717862,1907
-0.9583401186391711,0.2,274432,-0.0024890555650927126,143,428.635990858078,0.004150390625,268,-16.45900074,237.5831298828125,0.5697991251945496,1068,0.0003,438.19,0.0036220606,1908
-0.9553363118320704,0.2,278528,-0.0010006598677136935,145,452.0082006454468,0.000244140625,272,-26.538511209999996,205.65573120117188,0.08472377061843872,1084,0.0003,437.1,0.0011662166,1908
-0.9616482388228178,0.2,282624,-0.005618657152808737,148,138.33984303474426,0.061767578125,276,-40.638780180000005,71.09126281738281,0.15531867742538452,1100,0.0003,420.57,0.0074307513,1909
-0.9296034416183829,0.2,286720,-0.000887894922925625,150,160.50023794174194,0.008544921875,280,-44.4839556,79.09768676757812,0.3119542598724365,1116,0.0003,409.72,0.0028593962,1909
-0.9645630875602365,0.2,290816,-0.0001256024552276358,152,533.3624248504639,0.0,284,-46.41183328,429.883544921875,0.42734384536743164,1132,0.0003,400.06,0.00025282445,1910
-0.9346218099817634,0.2,294912,-0.0011219459993299097,154,766.5393118858337,0.00244140625,288,-43.87620357,322.0693359375,0.20391905307769775,1148,0.0003,413.91,0.004313038,1910
-1.0840182844549417,0.2,299008,-0.0007297159754671156,156,322.60145366191864,0.0,292,-43.33525057000001,158.75938415527344,-0.0012850761413574219,1164,0.0003,425.16,0.000695832,1910
-0.9552488420158625,0.2,303104,-0.0024343697223230265,158,195.41350865364075,0.023193359375,296,-39.631032569999995,69.1651840209961,-0.015071272850036621,1180,0.0003,433.18,0.0064891176,1910
-0.8923885133117437,0.2,307200,-0.00029846128018107265,160,841.1114702224731,0.0,300,-39.49801898000001,213.2532958984375,-0.16176795959472656,1196,0.0003,425.5,0.00013567286,1911
-0.9164221351966262,0.2,311296,-0.0010969348077196628,162,721.3776650428772,0.03125,304,-33.42453113999999,313.9579162597656,0.10973012447357178,1212,0.0003,427.08,0.0064456584,1911
-0.9287131950259209,0.2,315392,-0.0024516054800187703,164,476.0069613456726,0.026611328125,308,-35.59334106999999,163.70120239257812,-0.18505096435546875,1228,0.0003,415.48,0.0035025151,1911
-0.8880877196788788,0.2,319488,-0.00375447423721198,167,188.13569223880768,0.054931640625,312,-27.67644564,115.3107681274414,0.02203315496444702,1244,0.0003,436.68,0.0037377623,1911
-1.0400665905326605,0.2,323584,-0.0034760022172122262,169,73.9295382797718,0.041015625,316,-21.557402289999995,24.463483810424805,0.11846107244491577,1260,0.0003,451.33,0.005294893,1911
-0.9680387200787663,0.2,327680,-0.001124428086768603,171,193.38426506519318,0.007568359375,320,-13.6621313,102.7505874633789,0.5598233640193939,1276,0.0003,452.76,0.0011494495,1911
-0.7882400946691632,0.2,331776,-0.0028732227365253493,173,650.7023921012878,0.002685546875,324,-9.064427750000002,255.4073486328125,0.4309367537498474,1292,0.0003,458.32,0.0016825128,1911
-0.7917362656444311,0.2,335872,-0.004487670703383628,175,189.04192507266998,0.036376953125,328,-5.944872400000001,111.23424530029297,0.35924631357192993,1308,0.0003,473.86,0.006274743,1912
-0.9673239234834909,0.2,339968,-0.0011859714722959325,177,621.5334177017212,0.002685546875,332,3.2919987899999983,153.4640350341797,0.534829705953598,1324,0.0003,475.08,0.001999141,1912
-0.8404216598719358,0.2,344064,-0.0015718667273176834,179,672.2883812189102,0.003662109375,336,6.086251869999999,335.4484558105469,0.3661291003227234,1340,0.0003,473.0,0.0026245415,1912
-0.9240683447569609,0.2,348160,-0.0032016587429097854,182,511.63192081451416,0.021728515625,340,7.8678236,212.7797393798828,0.020318984985351562,1356,0.0003,462.4,0.004247011,1912
-0.898233512416482,0.2,352256,-0.0029041192537988536,184,58.3151860833168,0.059814453125,344,14.164392889999998,18.327545166015625,0.7107506096363068,1372,0.0003,470.65,0.0077995816,1912
-0.8960126684978604,0.2,356352,-0.0005996367544867098,186,90.7160764336586,0.007568359375,348,12.1903071,70.72590637207031,0.6736634075641632,1388,0.0003,476.42,0.0023896247,1912
-0.8700504042208195,0.2,360448,-0.0013882792482036166,188,590.7239031791687,0.00048828125,352,12.445709599999997,241.86509704589844,0.5239542424678802,1404,0.0003,482.44,0.0016177006,1912
-1.0189075758680701,0.2,364544,-0.00247365067480132,190,336.59077072143555,0.001953125,356,23.29292958,139.18190002441406,0.43078911304473877,1420,0.0003,504.63,0.0015490303,1912
-0.9907763861119747,0.2,368640,-0.006532311599585228,192,463.3939621448517,0.068359375,360,25.172678870000006,274.6575012207031,0.46421366930007935,1436,0.0003,491.87,0.009345568,1913
-0.844803468324244,0.2,372736,0.00012896564294351265,194,81.12950029969215,0.004638671875,364,26.263116959999998,38.760284423828125,0.8430535942316055,1452,0.0003,484.74,0.0009701196,1913
-0.992521895095706,0.2,376832,-0.0036074352537980303,196,154.0118458867073,0.010009765625,368,31.514924129999994,33.41096496582031,0.784360334277153,1468,0.0003,502.47,0.0027002573,1913
-1.079381262883544,0.2,380928,-0.0036696086899610236,199,137.6397768855095,0.082275390625,372,33.74339091,35.77585983276367,0.7643344551324844,1484,0.0003,485.64,0.012418872,1913
-1.0613684197887778,0.2,385024,-0.0014301048940978944,201,116.85492342710495,0.00830078125,376,34.96496438,38.29904556274414,0.759071558713913,1500,0.0003,489.4,0.0036317348,1913
-1.00677131395787,0.2,389120,-0.004433536058058962,203,65.03289869427681,0.054443359375,380,40.843922320000004,28.490718841552734,0.9335696771740913,1516,0.0003,502.02,0.012658113,1913
-0.9245882229879498,0.2,393216,-0.00037269150925567374,205,55.22860074043274,0.107421875,384,41.95004928,24.92715072631836,0.9037476405501366,1532,0.0003,514.58,0.0047762333,1913
-1.0204123416915536,0.2,397312,-0.00813710322836414,207,186.17081463336945,0.04443359375,388,43.948754339999994,75.64892578125,0.8214565962553024,1548,0.0003,514.94,0.004163696,1913
-1.014151663519442,0.2,401408,-0.00734260866738623,209,55.05201178789139,0.0390625,392,48.24466794999999,20.468664169311523,0.9339950233697891,1564,0.0003,534.97,0.0043829596,1913
-1.026336558163166,0.2,405504,-0.0022356964836944826,211,450.02299332618713,0.002685546875,396,49.95120186000001,331.87713623046875,0.4536510109901428,1580,0.0003,538.47,0.000909065,1913
-0.940426804125309,0.2,409600,-0.0025325674141640775,214,394.1607983112335,0.009765625,400,50.67055609000001,135.989013671875,0.6497420072555542,1596,0.0003,537.91,0.0029493137,1913
-1.0740740895271301,0.2,413696,-0.0025880839457386173,216,206.34518671035767,0.004638671875,404,54.45163485999999,68.7384262084961,0.578046441078186,1612,0.0003,546.19,0.0010009174,1913
-0.8769658114761114,0.2,417792,-0.0010382406326243654,218,317.2056338787079,0.000244140625,408,58.30389400999999,95.12132263183594,0.48372530937194824,1628,0.0003,565.13,0.0005714785,1913
-0.8134738793596625,0.2,421888,0.000681478573824279,220,592.0743644237518,0.002685546875,412,59.409332439999986,177.62608337402344,0.5038866698741913,1644,0.0003,576.87,0.0012629943,1913
-1.008939752355218,0.2,425984,-0.0008714059076737612,222,307.19830334186554,0.0029296875,416,60.26682202,174.33724975585938,0.49520766735076904,1660,0.0003,569.76,0.0028673024,1913
-1.0281228199601173,0.2,430080,-0.0017255363854928873,224,163.44706869125366,0.06591796875,420,59.700671840000005,34.44059371948242,0.7745046764612198,1676,0.0003,574.22,0.009442858,1913
-1.0136781875044107,0.2,434176,-0.0023984519502846524,226,301.7298187017441,0.00537109375,424,58.951526380000004,94.3199234008789,0.6639568507671356,1692,0.0003,574.06,0.0017585675,1913
-0.9630668954923749,0.2,438272,-0.0030673768342239782,229,68.32574421167374,0.02392578125,428,60.949581020000004,10.31546401977539,0.8052680492401123,1708,0.0003,590.59,0.004781598,1912
-0.9471783079206944,0.2,442368,-0.0018047546509478707,231,1624.524326324463,0.0,432,63.59889165000001,923.27587890625,0.4274830222129822,1724,0.0003,601.49,0.0014309243,1912
-0.6127071706578135,0.2,446464,-0.0016656165971653536,233,372.52524852752686,0.004638671875,436,62.24556825,108.9393539428711,0.5430862009525299,1740,0.0003,602.07,0.0023447957,1912
-0.973830096423626,0.2,450560,-0.0029411386567517184,235,372.690021276474,0.004150390625,440,63.22219649999998,155.78509521484375,0.5795016288757324,1756,0.0003,598.37,0.0019010818,1910
-0.8666420560330153,0.2,454656,-0.002971447062009247,237,362.55822491645813,0.0244140625,444,62.38962829,153.9976043701172,0.16181105375289917,1772,0.0003,601.02,0.0054631787,1911
-0.7745715081691742,0.2,458752,-0.0021271168734529056,240,950.5607171058655,0.00146484375,448,58.96227641,568.2084350585938,0.48132985830307007,1788,0.0003,580.05,0.002351968,1911
-1.03862036857754,0.2,462848,-0.006623297384066973,242,187.91371846199036,0.105224609375,452,63.28311112,58.66317367553711,0.5861005783081055,1804,0.0003,590.27,0.013574125,1911
-1.0752759259194136,0.2,466944,-0.001198052617837675,244,47.68711721897125,0.020751953125,456,59.95993233,35.10484313964844,0.8981979191303253,1820,0.0003,589.62,0.004855641,1911
-1.0455196695402265,0.2,471040,-0.008554907341022044,246,102.28098231554031,0.0361328125,460,62.87224690000001,34.65584182739258,0.6862228810787201,1836,0.0003,595.4,0.010524509,1911
-0.8548905309289694,0.2,475136,-0.0025724101869855076,248,220.88744449615479,0.01025390625,464,61.908953069999995,65.34207916259766,0.659484475851059,1852,0.0003,601.59,0.0023001155,1911
-0.9664385886862874,0.2,479232,-0.004848903234233148,250,200.5506910085678,0.1162109375,468,61.06948658,164.05682373046875,0.7908896654844284,1868,0.0003,592.52,0.012449652,1911
-0.9614652758464217,0.2,483328,-0.003583048663131194,252,26.339632973074913,0.036376953125,472,67.01297319999999,14.065417289733887,0.960007980465889,1884,0.0003,617.01,0.004318581,1911
-0.9714118959382176,0.2,487424,-0.002403380327450577,255,43.744932413101196,0.05126953125,476,64.33486921999999,16.903106689453125,0.9363344386219978,1900,0.0003,632.43,0.006045903,1911
-0.7198578286916018,0.2,491520,-0.0010367714203312062,257,256.11411809921265,0.004150390625,480,68.29065947,111.2033920288086,0.7930656969547272,1916,0.0003,644.27,0.0035540834,1911
-0.6479408740997314,0.2,495616,-0.001254078684723936,259,371.7644989490509,0.000732421875,484,68.21544331,206.65826416015625,0.6693761050701141,1932,0.0003,632.66,0.0011488075,1911
-1.0509396623820066,0.2,499712,-0.003195357567165047,261,78.9045937359333,0.0654296875,488,70.83228765000001,37.246768951416016,0.8391040563583374,1948,0.0003,620.54,0.01046099,1911
-0.6275646612048149,0.2,503808,-0.0015767565382702742,263,219.02250683307648,0.00927734375,492,70.58621635000002,72.66700744628906,0.6386240720748901,1964,0.0003,633.11,0.0027974453,1911
-1.0427914187312126,0.2,507904,-0.006425191109883599,265,32.536805763840675,0.079833984375,496,73.86764987000001,10.246111869812012,0.9464017152786255,1980,0.0003,654.82,0.012094775,1911
-1.016241136007011,0.2,512000,-0.0019802552051260136,267,39.64674398303032,0.0693359375,500,73.67146325,14.690746307373047,0.9276587292551994,1996,0.0003,663.89,0.008865274,1911
-0.9409724166616797,0.2,516096,-0.002265527356939856,269,150.2569358944893,0.002685546875,504,72.55944685,61.38740539550781,0.7011029124259949,2012,0.0003,669.62,0.0020179364,1911
-0.8636474953964353,0.2,520192,-0.0008323161491716746,272,533.5060932636261,0.001708984375,508,70.98228073,234.00735473632812,0.7614814937114716,2028,0.0003,673.64,0.0010736944,1911
-0.8633770337328315,0.2,524288,-0.0019092723814537749,274,402.90755343437195,0.01904296875,512,69.82168191000001,142.66294860839844,0.6701095998287201,2044,0.0003,681.19,0.0036915743,1912
-0.9385384516790509,0.2,528384,-0.004378577912575565,276,297.308686375618,0.009521484375,516,71.01398093,119.12013244628906,0.6691817045211792,2060,0.0003,696.06,0.0018192925,1912
-0.8001670986413956,0.2,532480,-0.0025522411160636693,278,134.14507138729095,0.016357421875,520,67.16989339,66.73902130126953,0.502841979265213,2076,0.0003,715.54,0.003810211,1912
-0.8791318330913782,0.2,536576,-0.0026854420284507796,280,117.94111549854279,0.018310546875,524,63.75329661,32.73627471923828,0.8131014108657837,2092,0.0003,702.07,0.0057927687,1912
-0.6676663216203451,0.2,540672,-0.0007405535507132299,282,722.2829513549805,0.01611328125,528,67.20648648000001,354.5875244140625,0.4765812158584595,2108,0.0003,722.41,0.0026407947,1912
-0.869468460790813,0.2,544768,-0.000957992971962085,284,413.25944805145264,0.004150390625,532,68.70509624,148.61801147460938,0.1918300986289978,2124,0.0003,711.43,0.0019661803,1912
-0.9699994623661041,0.2,548864,-0.0013769331490038894,286,650.7734956741333,0.00048828125,536,66.45046903000001,294.3210144042969,0.4967934489250183,2140,0.0003,706.01,0.001640769,1912
-0.8244906747713685,0.2,552960,-0.0018460864921507891,289,249.69334316253662,0.0087890625,540,62.43496145,186.04075622558594,0.6098313331604004,2156,0.0003,692.92,0.004576844,1912
-0.7402605004608631,0.2,557056,0.0007721400834270753,291,878.1400766372681,0.000244140625,544,58.06171432000001,416.99859619140625,0.5750965178012848,2172,0.0003,677.81,0.00021659059,1912
-0.8767192298546433,0.2,561152,-0.0034719224204309285,293,350.4332206249237,0.011474609375,548,55.18072502,97.75735473632812,0.7238538861274719,2188,0.0003,682.06,0.004413128,1912
-0.9532865909859538,0.2,565248,-0.002647594879817916,295,82.55873891711235,0.06103515625,552,53.12329362,27.860294342041016,0.6127642393112183,2204,0.0003,685.99,0.0058400305,1912
-0.9343038620427251,0.2,569344,-0.0031106349397305166,297,441.8932363986969,0.00732421875,556,53.00632260000001,166.03257751464844,0.2958531975746155,2220,0.0003,705.47,0.0028141062,1912
-0.9633286939933896,0.2,573440,-0.0017442359712731559,299,279.09626138210297,0.04931640625,560,50.85658946,89.6806411743164,0.7718649506568909,2236,0.0003,695.01,0.006812458,1912
-0.8887850735336542,0.2,577536,-0.002004038331506308,301,431.71949899196625,0.01318359375,564,49.79841771999999,302.6078186035156,0.6922319829463959,2252,0.0003,664.33,0.0033691651,1912
-0.960060658864677,0.2,581632,-0.00048803743993630633,304,215.30883872509003,0.01953125,568,53.08098708999999,125.0283203125,0.7905452698469162,2268,0.0003,656.76,0.0047278306,1912
-0.9659993266686797,0.2,585728,-0.003169530682498589,306,80.88092190027237,0.048583984375,572,53.70226503,37.784515380859375,0.7319889962673187,2284,0.0003,645.47,0.008537654,1912
-0.9117619255557656,0.2,589824,-0.005215750323259272,308,139.9287330955267,0.0478515625,576,55.88466645,124.58246612548828,0.38048166036605835,2300,0.0003,643.61,0.005411184,1912
-0.9095830246806145,0.2,593920,-0.0010664047113095876,310,450.25039935112,0.005859375,580,58.38814576,231.88888549804688,0.7015359401702881,2316,0.0003,649.75,0.0030049887,1912
-0.8259622389450669,0.2,598016,-0.002163268203730695,312,620.9625701904297,0.009765625,584,54.241837020000006,174.33486938476562,0.3148397207260132,2332,0.0003,614.16,0.0027789338,1912
-0.952106554992497,0.2,602112,-0.0009882109661702998,314,84.75897803902626,0.046630859375,588,54.37973572999999,21.51076889038086,0.7526757717132568,2348,0.0003,614.92,0.0029316677,1912
-0.9007427832111716,0.2,606208,-0.0017420848162146285,316,32.26622934639454,0.008544921875,592,49.734812510000005,9.583555221557617,0.9103126227855682,2364,0.0003,605.28,0.0020408803,1913
-0.8543449938297272,0.2,610304,-0.0019492316278046928,319,786.7817001342773,0.0,596,50.17456513,296.38873291015625,0.20622581243515015,2380,0.0003,579.19,0.0012145569,1913
-0.8711063172668219,0.2,614400,-0.0002556511608418077,321,451.9633353948593,0.0009765625,600,50.375292560000005,259.030029296875,0.21096467971801758,2396,0.0003,552.24,0.0008040838,1913
-0.8561169020831585,0.2,618496,-0.004529604426352307,323,210.2594349384308,0.003662109375,604,51.164214120000004,68.28031158447266,0.5747038125991821,2412,0.0003,553.98,0.0018400354,1913
-0.7677799863740802,0.2,622592,-0.0031553782027913257,325,209.4157196879387,0.064208984375,608,57.058924110000014,78.91014099121094,0.8055718243122101,2428,0.0003,566.61,0.0045835413,1912
-0.8887118566781282,0.2,626688,-0.0012952386459801346,327,242.68197149038315,0.001708984375,612,58.623661150000004,130.79141235351562,0.7557498663663864,2444,0.0003,553.36,0.0022864095,1912
-0.6304034059867263,0.2,630784,0.00015263869863701984,329,61.44558531045914,0.009033203125,616,60.52053045000002,20.14366912841797,0.9075873866677284,2460,0.0003,552.65,0.0029562672,1912
-0.9467209558933973,0.2,634880,-0.0009048487549989659,331,276.6429706811905,0.00244140625,620,57.03371551,173.1752166748047,0.5331301987171173,2476,0.0003,546.91,0.0016498293,1912
-0.8834061753004789,0.2,638976,-0.003314462692287634,334,227.8716117143631,0.009521484375,624,57.97356132000001,89.10131072998047,0.7643306106328964,2492,0.0003,558.42,0.0021495717,1912
-0.7399134812876582,0.2,643072,0.0001903167722048238,336,280.9089050292969,0.0,628,57.62200841,137.18907165527344,0.6896885633468628,2508,0.0003,557.75,0.00036540965,1911
-0.9936796249821782,0.2,647168,-0.004773825559823308,338,22.359932206571102,0.08251953125,632,55.983020939999996,8.087120056152344,0.9659708142280579,2524,0.0003,548.57,0.008625135,1911
-0.8158196341246367,0.2,651264,-0.0011549229675438255,340,330.67280542850494,0.00439453125,636,59.635971579999996,65.1610107421875,0.7865112125873566,2540,0.0003,561.03,0.0018504797,1910
-0.8715790864080191,0.2,655360,-0.0037822127669642214,342,90.42858672142029,0.012939453125,640,66.03495492,17.74592399597168,0.9476998299360275,2556,0.0003,584.66,0.002845103,1910
-0.9593234434723854,0.2,659456,-0.002523121227568481,345,51.5914042443037,0.0302734375,644,73.34917492,19.924131393432617,0.9473682157695293,2572,0.0003,594.1,0.00644925,1910
-1.024852097965777,0.2,663552,-0.00030371347384061664,347,59.941812455654144,0.002197265625,648,75.17329012,41.097469329833984,0.9370730593800545,2588,0.0003,608.58,0.0011110408,1910
-1.0352705549448729,0.2,667648,-0.0024683296505827457,349,40.01539960503578,0.045654296875,652,76.08644091000001,19.123363494873047,0.9452126026153564,2604,0.0003,610.23,0.004328145,1910
-0.9485429003834724,0.2,671744,-0.0014561547577613965,351,26.4143128991127,0.065673828125,656,78.63694991,9.815252304077148,0.9541324004530907,2620,0.0003,625.66,0.00743179,1910
-0.9733676174655557,0.2,675840,-0.0009815381999942474,353,155.59019362926483,0.0048828125,660,82.83676512,55.04495620727539,0.811454176902771,2636,0.0003,627.6,0.0053212782,1910
-0.9696551309898496,0.2,679936,-1.967635762412101e-05,355,294.9827125072479,0.0,664,80.06878008,101.52776336669922,0.5381734669208527,2652,0.0003,623.74,0.00018680783,1910
-1.0298726605251431,0.2,684032,-0.0029741872604063246,357,28.218235328793526,0.186279296875,668,81.48200308,3.9938876628875732,0.9717538803815842,2668,0.0003,615.79,0.0120755555,1910
-1.0480286302044988,0.2,688128,0.0008092271236819215,360,5.463751899078488,0.12158203125,672,83.26769831,2.2989790439605713,0.9929473744705319,2684,0.0003,635.0,0.0076161707,1910
-1.119595468044281,0.2,692224,-0.00385331751749618,362,18.485718712210655,0.101318359375,676,80.51976584,5.9391770362854,0.9815371502190828,2700,0.0003,625.55,0.008788245,1910
-0.9718427890911698,0.2,696320,-0.0006651305084233172,364,483.6583240032196,0.0,680,81.77377112,134.12864685058594,0.7479574382305145,2716,0.0003,633.48,0.00057648297,1910
-0.7939965212717652,0.2,700416,-0.00019920364866266027,366,649.6724927425385,0.0,684,82.29787000999997,406.0673828125,0.13467180728912354,2732,0.0003,624.4,0.00027359545,1910
-0.830199527554214,0.2,704512,-0.00023884500478743576,368,573.2030147314072,0.0,688,85.27501156999998,87.79679107666016,0.4544824957847595,2748,0.0003,624.02,0.00024394132,1910
-0.7480386989191175,0.2,708608,-0.001513196406449424,370,204.5018619298935,0.020263671875,692,85.86949673000001,36.57191467285156,0.8709034025669098,2764,0.0003,601.15,0.0027719957,1910
-0.8510599276050925,0.2,712704,0.011724308104021475,372,548.298538684845,0.244140625,696,76.30864765,262.7117614746094,0.7610196173191071,2780,0.0003,563.23,0.016687986,1910
-1.0427370872348547,0.2,716800,0.00027120517916046083,375,20.51065271999687,0.001708984375,700,74.55918838000001,1.6458672285079956,0.9780666958540678,2796,0.0003,572.74,0.0023534154,1910
-0.9447049703449011,0.2,720896,-0.001313080319960136,377,399.3190029859543,0.0,704,69.58814579999999,146.14541625976562,0.737758994102478,2812,0.0003,556.28,0.0026525492,1910
-0.6394867226481438,0.2,724992,-0.00041909543506335467,379,134.73574875295162,0.0185546875,708,72.1635215,8.458307266235352,0.8558702319860458,2828,0.0003,563.95,0.0018836473,1910
-1.0415146816521883,0.2,729088,-0.0026966831064783037,381,9.35754975862801,0.049560546875,712,75.64517164,2.5378880500793457,0.9887299723923206,2844,0.0003,570.75,0.004273885,1910
-0.6705244109034538,0.2,733184,-0.0026456111736479215,383,478.4211835861206,0.00390625,716,77.40378224000001,175.95355224609375,0.7618555128574371,2860,0.0003,582.59,0.0015524668,1910
-1.0158769767731428,0.2,737280,-0.0009730423189466819,385,97.6770448833704,0.005126953125,720,76.41070737000001,23.039623260498047,0.6448526382446289,2876,0.0003,580.13,0.002544765,1910
-0.8530133431777358,0.2,741376,-0.0009497918617853429,387,181.55214059352875,0.00537109375,724,76.29356504,16.45040512084961,0.8795039877295494,2892,0.0003,581.16,0.0010357412,1910
-0.7529112454503775,0.2,745472,0.0013792544286843622,390,658.8223614692688,0.009033203125,728,74.12232208000002,359.7043762207031,0.7365536391735077,2908,0.0003,548.68,0.0016659227,1910
-1.0063140951097012,0.2,749568,-0.0014354286031448282,392,101.40264166891575,0.00146484375,732,73.41047789,5.571510314941406,0.925385057926178,2924,0.0003,548.17,0.0029505345,1910
-0.9643057240173221,0.2,753664,-0.001200462931592483,394,32.434581615030766,0.01904296875,736,75.40627849,7.410769462585449,0.9488557688891888,2940,0.0003,538.42,0.008285761,1910
-0.887575282715261,0.2,757760,-1.8099017324857414e-06,396,255.48669737577438,0.002685546875,740,73.98681313,112.49512481689453,0.7871322780847549,2956,0.0003,539.2,0.0012145337,1910
-0.8679337715730071,0.2,761856,0.002178313567128498,398,17.201030058786273,0.004638671875,744,72.40726506,1.989440679550171,0.9677710942924023,2972,0.0003,537.09,0.0033982275,1910
-0.7956885397434235,0.2,765952,-0.0006260190348257311,400,377.76924991607666,0.0,748,74.47444142,189.3668975830078,0.6270285248756409,2988,0.0003,542.79,0.0007651376,1910
-0.6051467759534717,0.2,770048,-0.004945142580254469,402,370.0634775161743,0.100341796875,752,77.63436248,87.7621078491211,0.6804441809654236,3004,0.0003,548.09,0.0068737417,1910
-0.762486195191741,0.2,774144,-0.0005740006054111291,405,379.1168849468231,0.0,756,79.17871461,98.7473373413086,0.8293116986751556,3020,0.0003,529.59,0.0005134879,1910
-0.792664966545999,0.2,778240,-0.0005921363335801288,407,970.4759125709534,0.0,760,73.39779339,503.78912353515625,0.4872446656227112,3036,0.0003,486.31,0.000792495,1910
-0.9922317210584879,0.2,782336,-0.0009518849255982786,409,94.83280971646309,0.00341796875,764,69.79489777000002,12.667314529418945,0.7524341493844986,3052,0.0003,485.46,0.004455682,1910
-0.9763491721823812,0.2,786432,-0.0005029916574130766,411,164.61701056361198,0.00048828125,768,73.48864868000001,23.87362289428711,0.7514964789152145,3068,0.0003,502.3,0.0011373041,1910
-0.920400882139802,0.2,790528,-0.0048588715835649054,413,15.760121013969183,0.123291015625,772,69.34936821000001,2.9522502422332764,0.9382711909711361,3084,0.0003,488.52,0.008180382,1910
-0.7978837322443724,0.2,794624,-0.0012366808077786118,415,567.9327721595764,0.002197265625,776,72.70612752,114.4932632446289,0.6128116548061371,3100,0.0003,487.35,0.0014136559,1910
-0.840197910554707,0.2,798720,3.618899791035801e-05,417,905.7328133583069,0.0,780,66.81999491999998,220.8590087890625,0.7837783694267273,3116,0.0003,481.26,5.9282524e-05,1911
-0.9931736085563898,0.2,802816,-0.0030524273533956148,420,29.44538886845112,0.163330078125,784,64.35290124,7.144817352294922,0.9511448442935944,3132,0.0003,489.38,0.015225134,1910
-0.9716871250420809,0.2,806912,-0.0023667680798098445,422,45.63029092550278,0.063720703125,788,66.28085998,11.986515998840332,0.8081685155630112,3148,0.0003,506.56,0.008283712,1910
-0.8265225645154715,0.2,811008,-0.0023066807552822866,424,117.50405064225197,0.00390625,792,69.47897646000001,15.349161148071289,0.7023005485534668,3164,0.0003,510.84,0.003118276,1911
-0.8870891025289893,0.2,815104,-0.005128366014105268,426,103.8019945025444,0.029052734375,796,68.74550328000001,5.654180526733398,0.8288353681564331,3180,0.0003,520.19,0.011632748,1911
-0.9234890006482601,0.2,819200,-0.0029966036599944346,428,47.62396863102913,0.01123046875,800,65.30887587000001,54.14754867553711,0.9125581383705139,3196,0.0003,520.88,0.0051906826,1911
-0.6505125882104039,0.2,823296,-0.0019507539400365204,430,33.08045183494687,0.01416015625,804,68.69967678,9.232532501220703,0.9623016752302647,3212,0.0003,530.22,0.0017837583,1911
-0.8172563370317221,0.2,827392,-0.001401818124577403,432,294.12330931425095,0.021728515625,808,70.64149366000001,113.4551010131836,0.7555058300495148,3228,0.0003,542.25,0.0039203647,1911
-0.8769273636862636,0.2,831488,-0.002193478729168419,435,437.1344840526581,0.003662109375,812,71.30636532,188.73394775390625,0.7671218365430832,3244,0.0003,564.55,0.003998188,1910
-0.8609537435695529,0.2,835584,-0.0010455621959408745,437,494.1091649532318,0.000732421875,816,73.89447933000001,202.3516082763672,0.7867289483547211,3260,0.0003,588.79,0.001256617,1911
-0.9060641620308161,0.2,839680,-0.001927618053741753,439,30.95976421236992,0.009521484375,820,72.78872050999999,10.17387866973877,0.9483431205153465,3276,0.0003,598.12,0.0035101713,1910
-0.738024178892374,0.2,843776,-0.001634978805668652,441,332.2251127958298,0.006103515625,824,78.64375053000002,234.2324676513672,0.7842694967985153,3292,0.0003,607.12,0.0018740036,1910
-0.6984145194292068,0.2,847872,-0.0018170932889916003,443,728.7191255092621,0.0,828,77.68455452,227.919921875,0.7256390452384949,3308,0.0003,594.57,0.00082776154,1909
-0.8550813207402825,0.2,851968,-0.0023519705719081685,446,63.51433914899826,0.007080078125,832,78.25417867000002,19.25831413269043,0.9015017673373222,3324,0.0003,606.48,0.0020061638,1909
-0.8220594320446253,0.2,856064,-0.002487652949639596,448,46.57777947187424,0.007080078125,836,78.94815936,24.7646541595459,0.9217151626944542,3340,0.0003,625.97,0.0030217057,1909
-0.8472228702157736,0.2,860160,-0.0013048864784650505,450,528.4171186685562,0.02294921875,840,79.99798541999999,230.40965270996094,0.5876167714595795,3356,0.0003,642.24,0.005541314,1909
-0.8166700070723891,0.2,864256,-0.0009891140216495842,452,2030.710379600525,0.0,844,83.95880068000001,423.2744140625,0.29441386461257935,3372,0.0003,656.1,0.0010189472,1909
-0.8278189143165946,0.2,868352,-0.002542176909628324,454,505.45969343185425,0.004150390625,848,85.04103952999998,186.95240783691406,0.6997200846672058,3388,0.0003,646.9,0.0024882478,1909
-0.9207673873752356,0.2,872448,-0.0016259154581348412,456,170.82046777009964,0.00537109375,852,91.78432264000001,110.63663482666016,0.7194699048995972,3404,0.0003,657.05,0.0027925281,1909
-0.8648171313107014,0.2,876544,-0.0004405852087074891,458,27.740837149322033,0.03271484375,856,87.84580117,6.127697944641113,0.9472611546516418,3420,0.0003,652.61,0.0031211963,1909
-0.9790503568947315,0.2,880640,-0.005478199695062358,461,47.13382360339165,0.092041015625,860,87.76723730000002,5.008144378662109,0.8994295746088028,3436,0.0003,643.45,0.015643626,1909
-0.9787814877927303,0.2,884736,-0.001540458804811351,463,17.195301733911037,0.049072265625,864,85.17207569000001,8.794696807861328,0.9673943743109703,3452,0.0003,649.12,0.012103958,1909
-1.0363060915842652,0.2,888832,-9.233875607606024e-05,465,10.039340786635876,0.067626953125,868,84.88667662999998,4.190686225891113,0.9797297157347202,3468,0.0003,649.12,0.0055184914,1909
-0.7953797467052937,0.2,892928,0.00023939042876008898,467,4.718982705846429,0.0654296875,872,85.12077548,1.557200312614441,0.9944068165495992,3484,0.0003,662.49,0.0048242034,1908
-0.9757346529513597,0.2,897024,-0.0021250580466585234,470,9.57620595768094,0.010986328125,876,84.29234649,3.589604139328003,0.9888159185647964,3500,0.0003,662.18,0.004253503,1908
-0.8271346921101213,0.2,901120,-0.0009533816264593042,472,737.5321850776672,0.0,880,83.77126418999998,208.8847198486328,0.6202892363071442,3516,0.0003,649.4,0.0004324253,1907
-0.7770428853109479,0.2,905216,-0.0007281019570655189,474,71.12781950831413,0.0009765625,884,81.04859213,9.78815746307373,0.9027950912714005,3532,0.0003,644.66,0.00047366112,1907
-0.8693767329677939,0.2,909312,-0.004904582056042273,476,36.4117983430624,0.052490234375,888,76.12758546,29.73406219482422,0.9344954863190651,3548,0.0003,641.12,0.009611237,1907
-0.7819451922550797,0.2,913408,-0.0012280497321626171,478,16.888495763763785,0.01953125,892,79.75208604000001,5.83408784866333,0.9740285240113735,3564,0.0003,666.45,0.004802432,1907
-0.9137608157470822,0.2,917504,-0.0010405890789115801,481,35.328207947313786,0.026611328125,896,79.419999,19.98403549194336,0.9660329110920429,3580,0.0003,666.11,0.007783638,1907
-0.9847959615290165,0.2,921600,-0.0032982810080284253,483,13.940018687397242,0.068115234375,900,75.57837458,2.2660748958587646,0.9610324017703533,3596,0.0003,658.35,0.0105854105,1907
-0.9823619425296783,0.2,925696,-0.00029365747468546033,485,252.42942029237747,0.000244140625,904,72.76471582,61.6998291015625,0.6220564842224121,3612,0.0003,648.94,0.0007286832,1907
-0.8539742780849338,0.2,929792,-0.0018808218010235578,487,161.25516325235367,0.0009765625,908,76.23341504,39.72517776489258,0.8470819890499115,3628,0.0003,636.56,0.001020347,1907
-0.9242169568315148,0.2,933888,-0.0028946681022716803,489,123.91564252972603,0.00390625,912,79.66400494,5.919104099273682,0.5906241834163666,3644,0.0003,654.54,0.0014272445,1907
-0.9216270763427019,0.2,937984,-0.0017592721560504287,491,20.15907174348831,0.04345703125,916,76.11183822,7.701441764831543,0.9687471240758896,3660,0.0003,661.47,0.012472079,1907
-0.888446070253849,0.2,942080,-0.0028511858690762892,493,55.48573614656925,0.02294921875,920,78.46596371,6.942331314086914,0.8942566812038422,3676,0.0003,655.4,0.009032436,1907
-0.8755238447338343,0.2,946176,-0.001388855293043889,496,19.029482886195183,0.022216796875,924,80.29055553,1.8386815786361694,0.957708228379488,3692,0.0003,665.03,0.0060844254,1907
-0.9146464224904776,0.2,950272,-0.0027656589227262884,498,11.339207783341408,0.029052734375,928,81.83358436,2.026554584503174,0.9833698626607656,3708,0.0003,675.36,0.0052516493,1907
-1.0261379145085812,0.2,954368,-0.0012826585516449995,500,24.39703670889139,0.022705078125,932,82.5810843,4.341659069061279,0.9611256122589111,3724,0.0003,674.77,0.0030604687,1907
-0.7324658446013927,0.2,958464,-0.0034989921405212954,502,118.13768142461777,0.014892578125,936,82.8593022,24.399845123291016,0.6999825239181519,3740,0.0003,674.77,0.0012181359,1907
-0.7534962948411703,0.2,962560,-0.0002479231188772246,504,853.0004773139954,0.0,940,80.29335961000001,407.2987365722656,0.766026571393013,3756,0.0003,650.5,0.0002500165,1907
-0.8116534482687712,0.2,966656,-0.002706141756789293,506,63.28657039999962,0.0107421875,944,86.58448031000002,20.381885528564453,0.8816567584872246,3772,0.0003,676.04,0.0023773308,1907
-1.0219454523175955,0.2,970752,-0.002214609477960039,508,34.992593958973885,0.017333984375,948,88.39642056999999,1.8755319118499756,0.9677405096590519,3788,0.0003,682.22,0.0043161144,1907
-0.9378545302897692,0.2,974848,-0.0009575665299053071,511,10.432757705450058,0.029296875,952,91.67343926,3.932582378387451,0.9860033169388771,3804,0.0003,689.38,0.0016604376,1907
-0.9805406518280506,0.2,978944,-0.003696455132740084,513,19.47143716365099,0.073486328125,956,94.40155808,1.2763961553573608,0.9817364290356636,3820,0.0003,698.06,0.004080593,1907
-0.6493569109588861,0.2,983040,0.00020861326629528776,515,669.9973421096802,0.0009765625,960,95.94306482,225.33428955078125,0.7631946057081223,3836,0.0003,695.86,0.0015274622,1907
-0.739758393727243,0.2,987136,-0.0013906209569540806,517,500.3671351671219,0.00146484375,964,94.67952192000001,349.6462097167969,0.8038380891084671,3852,0.0003,672.11,0.0010272682,1907
-1.0662915464490652,0.2,991232,-0.005864853876119014,519,21.83394431322813,0.09228515625,968,97.03972478000001,6.762787818908691,0.9807879459112883,3868,0.0003,678.79,0.0034046546,1907
-1.0810538120567799,0.2,995328,-0.0003303770354250446,521,394.30605709552765,0.0,972,98.01600246000002,138.28355407714844,0.821149080991745,3884,0.0003,687.19,0.00057120563,1907
-0.7414309978485107,0.2,999424,-0.0016615639069641475,524,155.65049943327904,0.002197265625,976,97.06125881,21.801584243774414,0.8257238268852234,3900,0.0003,684.87,0.0006860794,1907
-0.9349875198677182,0.2,1003520,-0.0014711941294081043,526,149.36754389107227,0.0166015625,980,96.32648217,172.2663116455078,0.916407473385334,3916,0.0003,676.24,0.005817706,1907
-0.8105373391881585,0.2,1007616,0.0004525413241935894,528,506.7710130214691,0.01220703125,984,97.69449252,252.421875,0.7760390490293503,3932,0.0003,677.78,0.002353259,1907
-0.569708296097815,0.2,1011712,0.0042122342783841304,530,24.389661739580333,0.028076171875,988,100.17999518999999,10.52896499633789,0.9312761649489403,3948,0.0003,667.68,0.0031636497,1907
-0.8168385177850723,0.2,1015808,0.0004634167780750431,532,553.5283501148224,0.008056640625,992,97.74843059999999,472.02740478515625,0.7569934129714966,3964,0.0003,660.67,0.002048869,1907
-0.940114981494844,0.2,1019904,-0.0028020134996040724,534,8.650744769722223,0.182373046875,996,102.00677143000001,0.8719607591629028,0.9894400415942073,3980,0.0003,676.77,0.009513418,1907
-0.5784701583907008,0.2,1024000,-0.003759000617719721,536,517.5397024154663,0.00439453125,1000,98.73428763000001,378.5700988769531,0.6511765718460083,3996,0.0003,649.98,0.002249277,1907
-0.6371094426140189,0.2,1028096,0.0018693160309339873,539,805.1164207458496,0.0498046875,1004,104.38423612999999,257.47900390625,0.6524471640586853,4012,0.0003,662.97,0.00579515,1907
-0.9302930310368538,0.2,1032192,0.00026975054788636044,541,60.64644718915224,0.0009765625,1008,101.68558114000001,7.2616777420043945,0.8941567987203598,4028,0.0003,644.99,0.0005663714,1907
-0.7898666253313422,0.2,1036288,-0.0017161800569738261,543,31.69782343506813,0.0615234375,1012,97.33618483999999,2.9297029972076416,0.9629316553473473,4044,0.0003,627.48,0.014596806,1907
-0.7182644829154015,0.2,1040384,-0.00043291014299029484,545,860.4775857925415,0.0,1016,90.86718381000003,207.80795288085938,0.47892171144485474,4060,0.0003,583.46,0.0002904412,1907
-0.7694106306880713,0.2,1044480,-0.0029470611043507233,547,68.47731423377991,0.008544921875,1020,95.65362002999998,4.905519008636475,0.8725320994853973,4076,0.0003,606.01,0.0020642353,1907
-0.9313232777640224,0.2,1048576,0.004901935266389046,549,8.41237412020564,0.07958984375,1024,98.13741142999999,1.0062884092330933,0.9950640657916665,4092,0.0003,620.95,0.005135256,1907
-0.7687886878848076,0.2,1052672,-0.00052258676441852,551,127.33531725406647,0.00048828125,1028,94.45619316999999,51.75074768066406,0.8475128561258316,4108,0.0003,604.24,0.0010935001,1907
-0.9661959018558264,0.2,1056768,-0.0009818145263125189,554,240.65296721458435,0.005859375,1032,91.22162128000002,54.63589096069336,0.80484639108181,4124,0.0003,602.87,0.004454556,1907
-0.95087278354913,0.2,1060864,-0.0001763856635079719,556,149.28775870800018,0.022216796875,1036,91.23940348999999,11.477727890014648,0.8366053551435471,4140,0.0003,600.3,0.0027307607,1907
-0.9516816902905703,0.2,1064960,0.000679383949318435,558,98.30067153275013,0.152587890625,1040,94.02201522,5.714851379394531,0.8868020102381706,4156,0.0003,609.74,0.0016370052,1907
-1.0539321983233094,0.2,1069056,-0.0014675352722406387,560,12.169906809926033,0.05810546875,1044,96.61907141,2.2027058601379395,0.9933319911360741,4172,0.0003,625.2,0.007312002,1907
-0.9922533081844449,0.2,1073152,0.00035351389669813216,562,7.450890634208918,0.02685546875,1048,96.36759618,1.782717227935791,0.9963666638359427,4188,0.0003,640.02,0.0048552128,1907
-0.8737478693947196,0.2,1077248,-0.004800773931492586,564,23.220061987638474,0.009033203125,1052,90.98798529,3.360389232635498,0.9636103585362434,4204,0.0003,631.75,0.0013363885,1907
-0.9549108566716313,0.2,1081344,-0.004489604056288954,566,14.88150080293417,0.074951171875,1056,95.4667662,5.251953601837158,0.9840917196124792,4220,0.0003,647.59,0.011143378,1907
-0.9884366607293487,0.2,1085440,-0.002161258064006688,569,5.764757292345166,0.06005859375,1060,94.44491642000001,0.7991209030151367,0.992108921520412,4236,0.0003,639.79,0.007448414,1907
-0.9041264597326517,0.2,1089536,-0.0038355512733687647,571,2.587397852912545,0.080078125,1064,96.85968639000001,0.9966648817062378,0.9980092425830662,4252,0.0003,658.55,0.017316028,1907
-0.7867653630673885,0.2,1093632,-0.002545216600992717,573,94.2679997831583,0.01123046875,1068,93.75881865,111.27873229980469,0.9368405193090439,4268,0.0003,662.54,0.0022201813,1907
-0.8625630391761661,0.2,1097728,-0.0039261352649191394,575,34.05071011185646,0.013916015625,1072,92.96094252999997,12.776859283447266,0.9601306840777397,4284,0.0003,661.87,0.003257499,1907
